time_iso,elapsed_s,raw,run,cnn_us,cycles,pred_idx,mode
2026-05-16T12:26:15.736,0.32986927032470703,"BENCH,event=inference,run=0,mode=offline,cnn_us=161,cycles=16100,pred_idx=11",0,161,16100,11,offline
2026-05-16T12:26:15.739,0.3335762023925781,"BENCH,event=inference,run=1,mode=offline,cnn_us=161,cycles=16100,pred_idx=11",1,161,16100,11,offline
2026-05-16T12:26:15.746,0.34056758880615234,"BENCH,event=inference,run=2,mode=offline,cnn_us=160,cycles=16000,pred_idx=11",2,160,16000,11,offline
2026-05-16T12:26:15.753,0.34749650955200195,"BENCH,event=inference,run=3,mode=offline,cnn_us=160,cycles=16000,pred_idx=11",3,160,16000,11,offline
2026-05-16T12:26:15.760,0.354386568069458,"BENCH,event=inference,run=4,mode=offline,cnn_us=160,cycles=16000,pred_idx=11",4,160,16000,11,offline
2026-05-16T12:26:15.767,0.3607959747314453,"BENCH,event=inference,run=5,mode=offline,cnn_us=160,cycles=16000,pred_idx=11",5,160,16000,11,offline
2026-05-16T12:26:15.773,0.36763525009155273,"BENCH,event=inference,run=6,mode=offline,cnn_us=160,cycles=16000,pred_idx=11",6,160,16000,11,offline
2026-05-16T12:26:15.783,0.377413272857666,"BENCH,event=inference,run=7,mode=offline,cnn_us=160,cycles=16000,pred_idx=11",7,160,16000,11,offline
2026-05-16T12:26:15.788,0.38233113288879395,"BENCH,event=inference,run=8,mode=offline,cnn_us=161,cycles=16100,pred_idx=11",8,161,16100,11,offline
2026-05-16T12:26:15.793,0.3876681327819824,"BENCH,event=inference,run=9,mode=offline,cnn_us=160,cycles=16000,pred_idx=11",9,160,16000,11,offline
2026-05-16T12:26:15.800,0.39466166496276855,"BENCH,event=inference,run=10,mode=offline,cnn_us=160,cycles=16000,pred_idx=11",10,160,16000,11,offline
2026-05-16T12:26:15.808,0.40207695960998535,"BENCH,event=inference,run=11,mode=offline,cnn_us=160,cycles=16000,pred_idx=11",11,160,16000,11,offline
2026-05-16T12:26:15.817,0.41083431243896484,"BENCH,event=inference,run=12,mode=offline,cnn_us=160,cycles=16000,pred_idx=11",12,160,16000,11,offline
2026-05-16T12:26:15.821,0.4155004024505615,"BENCH,event=inference,run=13,mode=offline,cnn_us=161,cycles=16100,pred_idx=11",13,161,16100,11,offline
2026-05-16T12:26:15.830,0.4244880676269531,"BENCH,event=inference,run=14,mode=offline,cnn_us=160,cycles=16000,pred_idx=11",14,160,16000,11,offline
2026-05-16T12:26:15.835,0.42955875396728516,"BENCH,event=inference,run=15,mode=offline,cnn_us=160,cycles=16000,pred_idx=11",15,160,16000,11,offline
2026-05-16T12:26:15.845,0.4394841194152832,"BENCH,event=inference,run=16,mode=offline,cnn_us=160,cycles=16000,pred_idx=11",16,160,16000,11,offline
2026-05-16T12:26:15.851,0.44481635093688965,"BENCH,event=inference,run=17,mode=offline,cnn_us=160,cycles=16000,pred_idx=11",17,160,16000,11,offline
2026-05-16T12:26:15.857,0.45148134231567383,"BENCH,event=inference,run=18,mode=offline,cnn_us=160,cycles=16000,pred_idx=11",18,160,16000,11,offline
2026-05-16T12:26:15.864,0.45850300788879395,"BENCH,event=inference,run=19,mode=offline,cnn_us=160,cycles=16000,pred_idx=11",19,160,16000,11,offline
2026-05-16T12:26:15.869,0.4635281562805176,"BENCH,event=inference,run=20,mode=offline,cnn_us=160,cycles=16000,pred_idx=11",20,160,16000,11,offline
2026-05-16T12:26:15.878,0.47226381301879883,"BENCH,event=inference,run=21,mode=offline,cnn_us=160,cycles=16000,pred_idx=11",21,160,16000,11,offline
2026-05-16T12:26:15.883,0.47750210762023926,"BENCH,event=inference,run=22,mode=offline,cnn_us=160,cycles=16000,pred_idx=11",22,160,16000,11,offline
2026-05-16T12:26:15.890,0.48447084426879883,"BENCH,event=inference,run=23,mode=offline,cnn_us=160,cycles=16000,pred_idx=11",23,160,16000,11,offline
2026-05-16T12:26:15.898,0.49265480041503906,"BENCH,event=inference,run=24,mode=offline,cnn_us=160,cycles=16000,pred_idx=11",24,160,16000,11,offline
2026-05-16T12:26:15.905,0.4988977909088135,"BENCH,event=inference,run=25,mode=offline,cnn_us=161,cycles=16100,pred_idx=11",25,161,16100,11,offline
2026-05-16T12:26:15.914,0.5080864429473877,"BENCH,event=inference,run=26,mode=offline,cnn_us=160,cycles=16000,pred_idx=11",26,160,16000,11,offline
2026-05-16T12:26:15.919,0.5129084587097168,"BENCH,event=inference,run=27,mode=offline,cnn_us=160,cycles=16000,pred_idx=11",27,160,16000,11,offline
2026-05-16T12:26:15.925,0.519078254699707,"BENCH,event=inference,run=28,mode=offline,cnn_us=161,cycles=16100,pred_idx=11",28,161,16100,11,offline
2026-05-16T12:26:15.931,0.5255303382873535,"BENCH,event=inference,run=29,mode=offline,cnn_us=161,cycles=16100,pred_idx=11",29,161,16100,11,offline
2026-05-16T12:26:15.938,0.5325298309326172,"BENCH,event=inference,run=30,mode=offline,cnn_us=161,cycles=16100,pred_idx=11",30,161,16100,11,offline
2026-05-16T12:26:15.954,0.5482075214385986,"BENCH,event=inference,run=31,mode=offline,cnn_us=161,cycles=16100,pred_idx=11",31,161,16100,11,offline
2026-05-16T12:26:15.956,0.5503504276275635,"BENCH,event=inference,run=32,mode=offline,cnn_us=161,cycles=16100,pred_idx=11",32,161,16100,11,offline
2026-05-16T12:26:15.959,0.5534725189208984,"BENCH,event=inference,run=33,mode=offline,cnn_us=160,cycles=16000,pred_idx=11",33,160,16000,11,offline
2026-05-16T12:26:15.966,0.5604598522186279,"BENCH,event=inference,run=34,mode=offline,cnn_us=160,cycles=16000,pred_idx=11",34,160,16000,11,offline
2026-05-16T12:26:15.974,0.5685441493988037,"BENCH,event=inference,run=35,mode=offline,cnn_us=160,cycles=16000,pred_idx=11",35,160,16000,11,offline
2026-05-16T12:26:15.980,0.574432373046875,"BENCH,event=inference,run=36,mode=offline,cnn_us=160,cycles=16000,pred_idx=11",36,160,16000,11,offline
2026-05-16T12:26:15.986,0.5804398059844971,"BENCH,event=inference,run=37,mode=offline,cnn_us=160,cycles=16000,pred_idx=11",37,160,16000,11,offline
2026-05-16T12:26:15.994,0.5879051685333252,"BENCH,event=inference,run=38,mode=offline,cnn_us=160,cycles=16000,pred_idx=11",38,160,16000,11,offline
2026-05-16T12:26:16.000,0.5944669246673584,"BENCH,event=inference,run=39,mode=offline,cnn_us=161,cycles=16100,pred_idx=11",39,161,16100,11,offline
2026-05-16T12:26:16.007,0.601548433303833,"BENCH,event=inference,run=40,mode=offline,cnn_us=160,cycles=16000,pred_idx=11",40,160,16000,11,offline
2026-05-16T12:26:16.014,0.608391523361206,"BENCH,event=inference,run=41,mode=offline,cnn_us=161,cycles=16100,pred_idx=11",41,161,16100,11,offline
2026-05-16T12:26:16.021,0.6155796051025391,"BENCH,event=inference,run=42,mode=offline,cnn_us=160,cycles=16000,pred_idx=11",42,160,16000,11,offline
2026-05-16T12:26:16.028,0.6227080821990967,"BENCH,event=inference,run=43,mode=offline,cnn_us=161,cycles=16100,pred_idx=11",43,161,16100,11,offline
2026-05-16T12:26:16.035,0.6294026374816895,"BENCH,event=inference,run=44,mode=offline,cnn_us=161,cycles=16100,pred_idx=11",44,161,16100,11,offline
2026-05-16T12:26:16.042,0.6367249488830566,"BENCH,event=inference,run=45,mode=offline,cnn_us=161,cycles=16100,pred_idx=11",45,161,16100,11,offline
2026-05-16T12:26:16.049,0.6434245109558105,"BENCH,event=inference,run=46,mode=offline,cnn_us=160,cycles=16000,pred_idx=11",46,160,16000,11,offline
2026-05-16T12:26:16.055,0.649580717086792,"BENCH,event=inference,run=47,mode=offline,cnn_us=161,cycles=16100,pred_idx=11",47,161,16100,11,offline
2026-05-16T12:26:16.062,0.6564180850982666,"BENCH,event=inference,run=48,mode=offline,cnn_us=161,cycles=16100,pred_idx=11",48,161,16100,11,offline
2026-05-16T12:26:16.069,0.6633801460266113,"BENCH,event=inference,run=49,mode=offline,cnn_us=161,cycles=16100,pred_idx=11",49,161,16100,11,offline
